Ejercicios,Nivel,Equipo,Instrucciones,Consejo Pro,Repeticiones/Tiempo,Video Ejemplo,Musculos
Curl Nórdico Asistido (con liga),Pino,Barra baja + Banda,Arrodíllate con los pies anclados bajo la barra baja. Ata una liga a la barra y sujétala al pecho. Baja el torso lentamente hacia el suelo resistiendo la caída.,Baja lo más lento que puedas (5 segundos). La liga asiste la subida. Excelente para isquiotibiales.,4 series de 4-6 reps,video,"Isquiotibiales, Glúteos"
Dominadas Australianas (en barra baja),Pino,Barra baja o barra de dominadas baja,Acuéstate debajo de la barra y sujétala con agarre prono. Cuerpo recto como tabla con los talones en el suelo. Tira del pecho hacia la barra y baja con control.,Aprieta los omóplatos al subir. Cuanto más horizontal esté tu cuerpo más difícil será.,4 series de 8-12 reps,video,"Espalda (Dorsales), Bíceps, Romboides"
Elevación de Talones (de pie),Semilla,N/A,De pie con los pies a la anchura de la cadera. Sube elevando los talones lo más alto posible apretando las pantorrillas. Baja con control.,Haz una pausa de 2 segundos arriba para máxima contracción. Puedes apoyarte en la pared para equilibrio.,3 series de 15-20 reps,video,Pantorrillas (Gemelos y Sóleo)
Elevación de Talones a Una Pierna,Semilla,Muro para equilibrio,De pie sobre una pierna apoyándote en la pared. Sube el talón lo más alto posible apretando la pantorrilla. Baja con control.,Haz pausa de 2 segundos arriba. Baja el talón completamente para rango completo.,3 series de 12-15 reps por pierna,video,Pantorrillas (Gemelos y Sóleo)
Elevación de Talones con Pausa,Pino,N/A,De pie con los pies a la anchura de la cadera. Sube los talones apretando las pantorrillas. Mantén arriba 3 segundos y baja lento (3 segundos).,El tempo lento aumenta el tiempo bajo tensión. Puedes hacerlo en el borde de un escalón para más rango.,4 series de 12-15 reps,video,Pantorrillas (Gemelos y Sóleo)
Escápula Push-ups,Semilla,Barras Paralelas bajas,"En posición de plancha, hunde y separa los omóplatos sin doblar los codos.","Imagina que quieres empujar el suelo lejos de ti para separar las ""alitas"" de la espalda.",3 series de 10-15 reps,video,"Serrato anterior, Trapecio, Romboides."
Flexiones Archer Asistidas,Pino,N/A,En posición de flexión con las manos más abiertas que los hombros. Baja hacia un lado doblando un codo mientras el otro brazo se extiende. Empuja para subir y alterna.,El brazo extendido puede tener los dedos apoyados para asistencia. Baja el pecho hacia la mano que se flexiona.,4 series de 5-8 reps por lado,video,"Pectorales, Tríceps, Deltoides"
Flexiones Diamante,Pino,N/A,Coloca las manos en el suelo formando un diamante con los pulgares e índices. Baja el pecho hasta las manos y empuja para subir manteniendo el cuerpo recto.,Mantén los codos pegados al cuerpo. Si es muy difícil hazlas en rodillas primero.,4 series de 6-10 reps,video,"Tríceps, Pecho interior, Deltoides"
Flexiones Escapulares,Pino,Barras Paralelas,"En posición de plancha sobre las barras, mantén los brazos totalmente rectos. Junta tus escápulas dejando que el pecho baje un poco y luego empuja con fuerza para separarlas.",No dobles los codos. El movimiento es corto y nace solo de tus hombros.,4 series de 8-12 reps,video,Serrato anterior y Trapecio
Flexiones Inclinadas (manos en silla),Semilla,Silla o superficie elevada,Coloca las manos sobre una silla firme a la anchura de los hombros. Mantén el cuerpo en línea recta y baja el pecho hacia la silla doblando los codos. Empuja con fuerza para volver a subir.,Cuanto más baja sea la superficie donde apoyas las manos más difícil será. Empieza con algo alto y ve bajando conforme ganes fuerza.,3 series de 8-12 reps,video,"Pectorales, Tríceps, Deltoides"
Flexiones Neutras,Semilla,Barras Paralelas bajas,"Manos en las barras, cuerpo recto como tabla. Baja el pecho hasta el nivel de las barras.","Mantén los codos hacia atrás (forma de flecha), no hacia afuera (forma de T).",3 series de 8-12 reps,video,"Pecho, Tríceps, Deltoides frontal."
Flexiones Neutras (en paralelas),Semilla,Barras Paralelas bajas,"Manos en las barras, cuerpo recto como tabla. Baja el pecho hasta el nivel de las barras.","Mantén los codos hacia atrás (forma de flecha), no hacia afuera (forma de T).",3 series de 8-12 reps,video,"Pecho, Tríceps, Deltoides frontal."
Flexiones en Paralelas (rango completo),Pino,Barras Paralelas bajas,Manos en las barras en posición de plancha. Baja el pecho por debajo del nivel de las barras aprovechando el rango extra que dan las paralelas. Sube con fuerza.,Baja lento (3 segundos) y sube explosivo. El rango extra activa más fibras del pecho.,4 series de 8-12 reps,video,"Pectorales, Tríceps, Deltoides"
Flexiones en Pared,Semilla ,Muro,"De pie frente a una pared, apoya las manos a la altura de los hombros. Inclina el cuerpo, baja el pecho y empuja.","Cuanto más alejes los pies de la pared, más difícil será.",3 series de 8-12 reps,Video,"Pectorales, Tríceps, Deltoides"
Flexiones en Rodillas,Semilla,N/A,Apoya las manos a la anchura de los hombros y las rodillas en el piso. Baja el pecho hasta casi tocar el suelo manteniendo el cuerpo alineado desde rodillas hasta cabeza. Empuja para subir.,Mantén los codos en forma de flecha hacia atrás y no hacia afuera. Aprieta el abdomen en todo momento.,3 series de 8-12 reps,video,"Pectorales, Tríceps, Deltoides"
Fondos Asistidos (pies en suelo),Semilla,Barras Paralelas bajas,Sujeta las barras y mantén los pies apoyados en el suelo con las rodillas flexionadas. Baja el cuerpo doblando los codos hasta que los brazos formen 90 grados y sube empujando con fuerza.,Usa los pies solo como apoyo. Intenta cargar cada vez más peso en los brazos conforme ganes fuerza.,3 series de 8-10 reps,video,"Tríceps, Pecho inferior, Deltoides"
Fondos Profundos en Paralelas,Pino,Barras Paralelas bajas,Sujeta las barras con brazos extendidos. Baja el cuerpo doblando los codos hasta que los hombros queden por debajo de los codos. Empuja para subir.,Inclina el torso ligeramente al frente para más activación de pecho. Si sientes dolor en el hombro no bajes tanto.,4 series de 6-10 reps,video,"Pecho, Tríceps, Deltoides frontal"
Fondos de Tríceps,Semilla,Paralelas Bajas,"Pies estirados al frente, manos en barras. Baja la cadera doblando codos y sube.",No bajes demasiado si sientes tensión en el frente del hombro. El control es clave.,3 series de 10 reps,,"Tríceps, Pecho inferior."
Fondos de Tríceps (en paralelas),Semilla,Barras Paralelas bajas,Sujeta las barras con los brazos extendidos. Pies estirados al frente apoyados en el suelo. Baja la cadera doblando los codos hacia atrás y empuja para subir.,No bajes demasiado si sientes tensión en el hombro frontal. Mantén los codos apuntando hacia atrás.,3 series de 10 reps,video,"Tríceps, Pecho inferior"
Fondos en Paralelas,Pino,Barras Paralelas bajas,Sujeta las barras con los brazos extendidos y las piernas estiradas al frente o cruzadas. Baja doblando los codos hasta 90 grados y empuja para subir.,Mantén los codos apuntando hacia atrás. Controla la bajada sin dejarte caer.,4 series de 8-12 reps,video,"Tríceps, Pecho inferior, Deltoides"
Hip Thrust a Una Pierna (en silla),Pino,Silla,Siéntate en el suelo con la espalda alta apoyada en una silla. Un pie en el suelo y la otra pierna extendida. Empuja la cadera hacia arriba con la pierna apoyada.,Aprieta el glúteo arriba y mantén la cadera nivelada. Baja con control sin tocar el suelo.,4 series de 10 reps por pierna,video,"Glúteos, Isquiotibiales, Core"
L-Sit (piernas extendidas),Pino,Barras Paralelas bajas,Siéntate entre las barras con manos en las barras y brazos rectos. Levanta la cadera y extiende las piernas completamente al frente formando una L.,Empuja las barras hacia abajo con fuerza. Activa los cuádriceps para mantener las piernas rectas y arriba.,4 series de 10-20 seg,video,"Abdominales, Flexores de cadera, Tríceps"
L-Sit Asistido,Semilla,Paralelas Bajas,"Siéntate entre las barras, brazos estirados, talones apoyados adelante. Eleva la cadera.","Bloquea los codos por completo. Si tus hombros suben a las orejas, estás fallando",3 series de 15-20 seg,,"Abdominales, Tríceps, Flexores de cadera."
L-Sit Asistido (rodillas flexionadas),Semilla,Barras Paralelas bajas,Siéntate entre las barras con las manos en las barras y los brazos rectos. Levanta la cadera del suelo con las rodillas flexionadas hacia el pecho.,Bloquea los codos y empuja las barras hacia abajo con fuerza. Mantén los hombros lejos de las orejas.,3 series de 15-20 seg,video,"Abdominales, Tríceps, Flexores de cadera"
Peso Muerto Rumano a Una Pierna,Pino,N/A,De pie sobre una pierna con rodilla ligeramente flexionada. Inclina el torso hacia adelante con la espalda recta mientras la pierna libre se extiende atrás. Regresa apretando glúteo e isquiotibial.,Siente el estiramiento en el isquiotibial de la pierna de apoyo. No redondees la espalda.,4 series de 8-10 reps por pierna,video,"Isquiotibiales, Glúteos, Core"
Peso Muerto a Una Pierna (sin peso),Semilla,N/A,De pie sobre una pierna. Inclina el torso hacia adelante mientras la pierna libre se extiende hacia atrás. Baja hasta que el torso quede paralelo al suelo y sube con control.,Mantén la espalda recta en todo momento. Mira un punto fijo en el suelo para mejor equilibrio.,3 series de 8 reps por pierna,video,"Isquiotibiales, Glúteos, Core"
Pike Push-ups (en paralelas),Pino,Barras Paralelas bajas,Manos en las barras en posición de plancha. Sube la cadera formando una V invertida. Baja la cabeza entre las barras doblando los codos y empuja para subir.,Cuanto más cerca estén los pies de las manos más difícil será. Mira hacia las barras al bajar.,4 series de 6-10 reps,video,"Deltoides, Tríceps, Trapecio"
Pike Push-ups Elevados,Pino,Barras Paralelas bajas + silla,Manos en las barras y pies elevados sobre una silla. Sube la cadera formando una V invertida pronunciada. Baja la cabeza entre las barras y empuja.,La elevación de pies aumenta la carga en los hombros. Excelente preparación para handstand push-ups.,4 series de 5-8 reps,video,"Deltoides, Tríceps, Trapecio superior"
Pistol Squat Asistida (con liga),Pino,Barra para Ligas + Banda,Sujeta una liga atada a la barra a la altura del pecho. Extiende una pierna al frente y baja con la otra haciendo sentadilla completa. Usa la liga para asistir la subida.,La liga ayuda en la parte más difícil (abajo). Conforme ganes fuerza usa ligas más delgadas.,4 series de 4-6 reps por pierna,video,"Cuádriceps, Glúteos, Core"
Plancha,Semilla,Paralelas Bajas,Sujeta las barras y mantén el cuerpo alineado. Aprieta glúteos y abdomen.,No dejes que la zona lumbar se cuelgue. Mete la pelvis ligeramente (retroversión).,3 series de 30-45 seg,,"Core (todo el abdomen), Hombros."
Plancha Inclinada,Pino,"Barra baja, borde silla o cama",Apoya las manos en la barra baja en posición de flexión. Mantén el cuerpo en línea recta y aprieta el abdomen con fuerza sin dejar que la cadera caiga.,Imagina que quieres llevar el ombligo hacia tu columna para activar bien el core.,3 series de 30-45 seg,video,Abdomen (Core) y Hombros
Plancha Inclinada (manos en paralelas),Semilla,Barras Paralelas bajas,Sujeta las barras con las manos y extiende el cuerpo en posición de plancha. Mantén el abdomen apretado y el cuerpo en línea recta desde la cabeza hasta los talones.,Empuja las barras con fuerza activando el serrato. No dejes que la cadera caiga ni se suba.,3 series de 30-45 seg,video,"Core (Abdomen), Hombros, Serrato"
Plancha en Rodillas,Semilla,N/A,Apoya las manos en el suelo a la anchura de los hombros y las rodillas en el piso. Mantén el cuerpo en línea recta desde la cabeza hasta las rodillas apretando abdomen y glúteos.,No dejes que la cadera se hunda ni se suba. Imagina que tu cuerpo es una tabla desde las rodillas hasta la cabeza.,3 series de 20-30 seg,video,"Core (Abdomen), Hombros"
Press de Hombro con Liga,Semilla,Barra para Ligas + Banda,Pisa la liga con ambos pies a la anchura de los hombros. Sujeta los extremos a la altura de los hombros con las palmas al frente. Empuja hacia arriba extendiendo los brazos y baja con control.,No arquees la espalda al empujar. Aprieta el abdomen para proteger la zona lumbar.,3 series de 10-12 reps,video,"Deltoides, Tríceps"
Press de Hombro con Liga (de pie),Pino,Barra para Ligas + Banda,De pie pisando la liga. Sujeta los extremos a la altura de los hombros. Empuja hacia arriba extendiendo completamente los brazos y baja con control hasta los hombros.,Aprieta el abdomen para no arquear la espalda. Extiende completamente los brazos arriba.,4 series de 8-12 reps,video,"Deltoides, Tríceps, Trapecio"
Puente de Glúteo,Semilla,N/A,Acuéstate boca arriba con las rodillas flexionadas y los pies apoyados en el suelo. Empuja la cadera hacia arriba apretando los glúteos con fuerza y baja con control.,Aprieta los glúteos arriba durante 2 segundos antes de bajar. No arquees la espalda baja.,3 series de 12-15 reps,video,"Glúteos, Isquiotibiales"
Puente de Glúteo Elevado (pies en silla),Pino,Silla,Acuéstate boca arriba con los pies apoyados sobre una silla. Empuja la cadera hacia arriba apretando los glúteos con fuerza. Baja con control.,La elevación de pies aumenta el rango de movimiento y la dificultad. Aprieta 2 segundos arriba.,4 series de 12-15 reps,video,"Glúteos, Isquiotibiales"
Puente de Glúteo a Una Pierna,Semilla,N/A,Acuéstate boca arriba con una rodilla flexionada y el pie en el suelo. Extiende la otra pierna hacia arriba. Empuja la cadera hacia arriba con la pierna apoyada.,Aprieta el glúteo arriba y mantén la cadera nivelada. No dejes que la cadera se incline hacia un lado.,3 series de 10 reps por pierna,video,"Glúteos, Isquiotibiales, Core"
Remo Sentado con Liga,Pino,Liga,Siéntate en el suelo piernas extendidas al frente. Pasa la liga por la planta de tus pies y sujeta los extremos. Tira hacia tu ombligo llevando los codos atrás y apretando la espalda.,Mantén la espalda erguida y saca pecho. No permitas que la liga te encorve al regresar.,4 series de 8-12 reps,video,Espalda (Dorsales) y Brazos (Bíceps)
Remo con Liga (agarre amplio),Pino,Liga,Siéntate con las piernas extendidas al frente. Pasa la liga por la planta de tus pies y sujeta los extremos con agarre amplio y palmas hacia abajo. Tira hacia el pecho abriendo los codos.,Aprieta los omóplatos al final. El agarre amplio enfatiza más la espalda alta y el deltoides posterior.,4 series de 10-12 reps,video,"Trapecio, Deltoides posterior, Romboides"
Remo con Liga (agarre cerrado),Pino,Liga,"Siéntate con las piernas extendidas al  frente , pasa la liga por la plata de tus pies  y sujeta ambos extremos de la liga juntos con las dos manos. Tira hacia el ombligo con los codos muy pegados al cuerpo.",Aprieta fuerte la espalda al final del movimiento. El agarre cerrado enfatiza más los dorsales y bíceps.,4 series de 10-12 reps,video,"Dorsales, Bíceps, Romboides"
Remo con Liga (agarre neutro),Semilla,Liga,"Sentado con las piernas extendida al frente, pasa la liga por la planta de tus pies y sujeta los extremos con las palmas viéndose entre sí. Tira hacia tu ombligo llevando los codos pegados al cuerpo y apretando la espalda.",Saca pecho al tirar y controla el regreso. No dejes que la liga te jale de golpe.,3 series de 10-12 reps,video,"Espalda (Dorsales), Bíceps, Romboides"
Remo con Liga (agarre prono),Semilla,Liga,Siéntate con las piernas extendidas al frente. Pasa la liga por la planta de tus pies y sujeta los extremos con las palmas hacia abajo. Tira hacia tu ombligo apretando bíceps y espalda.,Aprieta los omóplatos al final del movimiento. Controla la fase de regreso sin dejarte jalar.,3 series de 10-12 reps,video,"Trapecio, Deltoides posterior, Romboides"
Remo con Liga (agarre supino),Semilla,Liga,Siéntate con las piernas extendidas al frente. Pasa la liga por la planta de tus pies y sujeta los extremos con las palmas hacia arriba. Tira hacia tu ombligo apretando bíceps y espalda.,Enfoca la contracción en los bíceps y la espalda baja. Mantén la espalda erguida durante todo el movimiento.,3 series de 10-12 reps,video,"Bíceps, Espalda (Dorsales)"
Salto al Cajón (en silla firme),Pino,Silla firme y estable,De pie frente a una silla estable. Flexiona rodillas y salta aterrizando con ambos pies sobre la silla. Baja con cuidado paso a paso.,Asegúrate de que la silla sea muy estable. Aterriza suave con las rodillas flexionadas. Baja caminando no saltando.,4 series de 6-8 reps,video,"Cuádriceps, Glúteos, Pantorrillas"
Sentadilla Búlgara,Pino,Silla o superficie elevada,Coloca el empeine de un pie sobre una silla detrás de ti. Baja flexionando la rodilla delantera hasta que el muslo quede paralelo al suelo. Sube con fuerza.,Mantén el torso erguido. Puedes inclinar ligeramente el torso para más activación de glúteo.,4 series de 8-10 reps por pierna,video,"Cuádriceps, Glúteos, Isquiotibiales"
Sentadilla Búlgara Asistida,Semilla,Silla o superficie elevada,Coloca el empeine de un pie sobre una silla detrás de ti. Baja flexionando la rodilla delantera hasta que el muslo quede paralelo al suelo. Apóyate en la pared si necesitas equilibrio.,Mantén el torso erguido y la rodilla delantera alineada con el pie. La pierna trasera solo sirve de apoyo.,3 series de 8 reps por pierna,video,"Cuádriceps, Glúteos"
Sentadilla Cosaca,Pino,N/A,Pies muy abiertos. Baja hacia un lado flexionando una rodilla mientras la otra pierna se extiende recta con el pie apuntando arriba. Sube y alterna.,Mantén el talón pegado al suelo y el torso erguido. Si puedes baja hasta que el glúteo toque el talón.,4 series de 6-8 reps por pierna,video,"Aductores, Cuádriceps, Glúteos"
Sentadilla Cosaca Asistida,Semilla,Muro o poste para sujetarse,Pies muy abiertos. Baja hacia un lado flexionando una rodilla mientras la otra pierna se extiende recta. Sujétate de la pared o un poste para mantener el equilibrio.,Mantén el talón de la pierna que se flexiona pegado al suelo. Ve bajando más conforme ganes flexibilidad.,3 series de 6-8 reps por pierna,video,"Aductores, Cuádriceps, Glúteos"
Sentadilla Normal,Semilla,N/A,"Pies a la anchura de los hombros. Baja la cadera como si fueras a sentarte en una silla, manteniendo la espalda recta y el peso en los talones. Sube con fuerza.",Mantén la mirada al frente y asegúrate de que tus rodillas no se cierren hacia adentro al subir y vayan en direncion a tus pies,4 series de 8-12 reps,video,Piernas (Cuádriceps) y Glúteos
Sentadilla Sissy Asistida,Pino,Muro o poste para sujetarse,De pie sujetándote de la pared. Inclínate hacia atrás flexionando las rodillas mientras te pones de puntillas. Baja las rodillas hacia adelante y sube con control.,Mantén la cadera extendida (no te sientes). Siente el estiramiento profundo en los cuádriceps.,4 series de 6-8 reps,video,"Cuádriceps, Recto femoral"
Sentadilla Sumo,Semilla,N/A,Pies más abiertos que los hombros con las puntas hacia afuera. Baja la cadera manteniendo la espalda recta y las rodillas en dirección a los pies. Sube apretando glúteos.,Saca pecho y mantén el peso distribuido en toda la planta del pie. Baja hasta que los muslos queden paralelos al suelo.,3 series de 10-12 reps,video,"Aductores, Glúteos, Cuádriceps"
Sentadilla con Pausa,Semilla,N/A,Realiza una sentadilla normal pero mantén la posición baja durante 3 segundos antes de subir. Mantén la espalda recta y el abdomen apretado.,La pausa elimina el impulso y obliga al músculo a trabajar más. No rebotes al subir.,3 series de 8-10 reps,video,"Cuádriceps, Glúteos"
Sentadilla con Salto,Pino,N/A,Realiza una sentadilla normal y al subir explota saltando lo más alto posible. Aterriza suave con las rodillas ligeramente flexionadas y repite.,Aterriza siempre con la punta de los pies primero y luego los talones. Amortigua bien cada salto.,4 series de 8-10 reps,video,"Cuádriceps, Glúteos, Pantorrillas"
Step-Up (en silla baja),Semilla,Silla baja o escalón,Coloca un pie sobre la silla y empuja con esa pierna para subir todo el cuerpo. Baja con control con la otra pierna.,Empuja solo con la pierna de arriba sin impulsarte con la de abajo. Mantén el torso erguido.,3 series de 10 reps por pierna,video,"Cuádriceps, Glúteos"
Step-Up Alto (en silla),Pino,Silla firme,Coloca un pie sobre una silla firme y alta. Empuja con esa pierna para subir todo el cuerpo sin impulsarte con la pierna de abajo. Baja con control.,La silla debe ser estable. Empuja solo con la pierna de arriba. Mantén el torso recto.,4 series de 8-10 reps por pierna,video,"Cuádriceps, Glúteos"
Wall Sit (sentadilla en pared),Semilla,Muro,Apoya la espalda contra la pared y baja hasta que tus muslos queden paralelos al suelo formando 90 grados con las rodillas. Mantén la posición.,Empuja la espalda baja contra la pared. No apoyes las manos en los muslos.,3 series de 30-45 seg,video,"Cuádriceps, Glúteos"
Wall Sit con Una Pierna,Pino,Muro,Apoya la espalda contra la pared en posición de sentadilla a 90 grados. Levanta un pie del suelo y mantén la posición solo con una pierna.,Aprieta el cuádriceps con fuerza. Si es muy difícil empieza con ángulo mayor a 90 grados.,4 series de 15-25 seg por pierna,video,"Cuádriceps, Glúteos, Core"
Zancada Búlgara con Pausa,Pino,Silla o superficie elevada,Igual que la sentadilla búlgara pero mantén la posición baja durante 3 segundos antes de subir. El pie trasero apoyado en la silla.,La pausa elimina el impulso y obliga al músculo a trabajar más. Mantén la tensión constante.,4 series de 6-8 reps por pierna,video,"Cuádriceps, Glúteos, Isquiotibiales"
Zancada Caminando,Semilla,N/A,Da un paso largo al frente y baja la rodilla trasera casi al suelo. Empuja con la pierna delantera y avanza con la otra pierna repitiendo el movimiento.,Mantén el torso recto y la mirada al frente. Cada paso debe ser controlado sin perder el equilibrio.,3 series de 10 pasos por pierna,video,"Cuádriceps, Glúteos, Isquiotibiales"
Zancada Lateral,Semilla,N/A,De pie con los pies juntos. Da un paso amplio hacia un lado flexionando esa rodilla mientras la otra pierna queda extendida. Empuja para regresar al centro.,Mantén el peso en el talón de la pierna que se flexiona. No dejes que la rodilla pase la punta del pie.,3 series de 10 reps por lado,video,"Aductores, Cuádriceps, Glúteos"
Zancada Reversa,Semilla,N/A,De pie con los pies juntos. Da un paso largo hacia atrás con una pierna y baja la rodilla trasera casi hasta el suelo. Empuja con la pierna delantera para volver a la posición inicial.,Mantén el torso erguido y la rodilla delantera alineada con el tobillo. No dejes que la rodilla pase la punta del pie.,3 series de 10 reps por pierna,video,"Cuádriceps, Glúteos, Isquiotibiales"
Zancada con Salto Alternada,Pino,N/A,En posición de zancada baja salta explosivamente intercambiando las piernas en el aire. Aterriza suave en posición de zancada con la otra pierna al frente.,Aterriza con control. Usa los brazos para impulsar el salto. Mantén el torso erguido.,4 series de 8 reps por pierna,video,"Cuádriceps, Glúteos, Pantorrillas"
Press de Banca con Barra,Semilla Gym,Banco plano + Barra,"Acuestate en el banco plano con los pies
  firmes en el suelo. Agarra la barra a la anchura de los hombros. Baja la
  barra hasta tocar el pecho y empuja hacia arriba hasta extender los brazos.","Retrae las escapulas y saca pecho antes de
  desenganchar la barra. No rebotes en el pecho.",4 series de 8-10 reps,video,"Pectorales, Tricceps, Deltoides frontal"
Remo con Mancuerna,Semilla Gym,Banco plano + Mancuerna,"Apoya una rodilla y una mano en el banco. Con la otra mano sujeta la
  mancuerna y tira hacia la cadera llevando el codo hacia atras. Baja con
  control.",Aprieta la espalda arriba durante 1 segundo. No gires el torso al tirar.,4 series de 10-12 reps por lado,video,"Dorsales, Romboides, Bicceps"
"Press Militar con Mancuernas
",Semilla Gym,Banco a 90° + Mancuernas,"Sientate en el banco con respaldo vertical. Sube las mancuernas a la
  altura de los hombros con las palmas al frente. Empuja hacia arriba hasta
  extender los brazos y baja con control.","No arquees la espalda baja. Aprieta el abdomen durante todo el
  movimiento.",4 series de 8-10 reps,video,"Deltoides, Triceps, Trapecio"
Curl de Biceps con Mancuernas,Semilla Gym,Mancuernas,"De pie con una mancuerna en cada mano y los brazos extendidos. Flexiona
  los codos subiendo las mancuernas hacia los hombros. Baja con control sin
  balancear el cuerpo.",Manten los codos pegados al torso. No uses impulso con la espalda.,3 series de 10-12 reps,video,Biceps
Extensión de Triceps en Polea,Semilla Gym,Polea alta + Barra recta,"De pie frente a la polea alta. Sujeta la barra con las palmas hacia
  abajo. Extiende los brazos empujando hacia abajo hasta bloquear los codos.
  Regresa con control.",Manten los codos pegados al cuerpo y fijos. Solo mueve los antebrazos.,3 series de 10-12 reps,video,Triceps
Press Inclinado con Mancuernas,Semilla Gym,Banco inclinado 30-45° + Mancuernas,"Acuestate en el banco inclinado. Sube las mancuernas a la altura del
  pecho con los codos abiertos. Empuja hacia arriba juntando ligeramente las
  mancuernas arriba. Baja con control.","Manten las escapulas retraidas. El angulo de 30° activa mas pecho
  superior sin sobrecargar el hombro.",4 series de 8-10 reps,video,"Pecho superior, Triceps, Deltoides frontal"
Jalón al Pecho en Polea,Semilla Gym,Polea alta + Barra ancha,"Sientate en la maquina de jalón con los muslos fijos bajo los cojines.
  Agarra la barra ancha con las palmas al frente. Tira hacia el pecho superior
  llevando los codos hacia abajo y atras.","Saca pecho al tirar. No te inclines demasiado hacia atras. Controla el
  regreso.",4 series de 10-12 reps,video,"Dorsales, Biceps, Romboides"
Elevaciones Laterales con Mancuernas,Semilla Gym,Mancuernas,"De pie con una mancuerna en cada mano a los lados. Sube los brazos
  lateralmente hasta la altura de los hombros manteniendo una ligera flexion de
  codos. Baja con control.","Usa peso ligero y control. Imagina que viertes agua de una jarra al
  subir.",3 series de 12-15 reps,video,Deltoides lateral
Curl Martillo con Mancuernas,Semilla Gym,Mancuernas,"De pie con mancuernas a los lados y palmas viendose entre si (agarre
  neutro). Flexiona los codos subiendo las mancuernas sin girar las muñecas.
  Baja con control.","Manten los codos fijos. Este agarre trabaja mas el braquial y el
  antebrazo.",3 series de 10-12 reps,video,"Biceps, Braquial, Antebrazo"
Fondos en Maquina Asistida,Semilla Gym,Maquina de fondos asistidos,"Sube a la maquina y apoya las rodillas en la plataforma. Sujeta las
  barras y baja el cuerpo doblando los codos hasta 90 grados. Empuja para
  subir.","Ajusta el contrapeso segun tu nivel. Conforme ganes fuerza reduce la
  asistencia.",3 series de 8-10 reps,video,"Triceps, Pecho inferior, Deltoides"
Press de Banca con Mancuernas,Semilla Gym,Banco plano + Mancuernas,"Acuestate en el banco con una mancuerna en cada mano a la altura del
  pecho. Empuja hacia arriba extendiendo los brazos y baja con control hasta
  que los codos queden a 90 grados.","Las mancuernas permiten mayor rango de movimiento que la barra. Baja
  hasta sentir estiramiento en el pecho.",4 series de 8-10 reps,video,"Pectorales, Triceps, Deltoides frontal"
Remo en Maquina,Semilla Gym,Maquina de remo sentado,"Sientate en la maquina con el pecho apoyado en el coji­n. Agarra las
  manijas y tira hacia atras apretando los omoplatos. Regresa con control.","Saca pecho y manten la espalda erguida. Aprieta la espalda 1 segundo al
  final.",4 series de 10-12 reps,video,"Dorsales, Romboides, Biceps"
Press Arnold con Mancuernas,Semilla Gym,Banco a 90° + Mancuernas,"Sientate con las mancuernas frente al pecho y las palmas hacia ti. Empuja
  hacia arriba girando las palmas hacia afuera durante la subida. Regresa
  invirtiendo el giro.","El giro activa las tres cabezas del deltoides. Usa peso moderado para
  controlar el movimiento.",3 series de 10-12 reps,video,"Deltoides (anterior, lateral, posterior)"
Curl con Barra Z,Semilla Gym,Barra Z,"De pie sujeta la barra Z con agarre supino en las curvas de la barra.
  Flexiona los codos subiendo la barra hacia los hombros. Baja con control.",La barra Z reduce la tensión en las muñecas. No balancees el cuerpo.,3 series de 10-12 reps,video,"Biceps, Antebrazo"
Press Frances con Mancuerna,Semilla Gym,Banco plano + Mancuerna,"Acuestate en el banco con una mancuerna sujeta con ambas manos sobre la
  cabeza. Baja la mancuerna detras de la cabeza flexionando los codos. Extiende
  para subir.",Manten los codos apuntando al techo y fijos. Solo mueve los antebrazos.,3 series de 10-12 reps,video,Triceps
Sentadilla con Barra,Semilla Gym,Rack + Barra,"Coloca la barra sobre los trapecios. Pies a la anchura de los hombros.
  Baja flexionando rodillas y cadera como si te sentaras. Manten la espalda
  recta y sube empujando con los talones.","Mira al frente. Las rodillas van en dirección a los pies. Baja al menos
  hasta paralelo.",4 series de 8-10 reps,video,"Cuadriceps, Glueos, Isquiotibiales"
Prensa de Piernas,Semilla Gym,Maquina prensa de piernas,"Sientate en la maquina con los pies en la plataforma a la anchura de los
  hombros. Suelta los seguros y baja la plataforma flexionando las rodillas
  hasta 90 grados. Empuja para subir.","No bloquees completamente las rodillas arriba. Manten la espalda baja
  pegada al respaldo.",4 series de 10-12 reps,video,"Cuadriceps, Gluteos"
Curl Femoral en Maquina,Semilla Gym,Maquina curl femoral acostado,"Acuestate boca abajo en la maquina con los tobillos bajo el cojin.
  Flexiona las rodillas llevando los talones hacia los gluteos. Baja con
  control.","No levantes la cadera del banco. Aprieta los isquiotibiales arriba 1
  segundo.",4 series de 10-12 reps,video,Isquiotibiales
Extensión de Cuadriceps en Maquina,Semilla Gym,Maquina extensión de cuadriceps,"Sientate en la maquina con los tobillos bajo el coji­n. Extiende las
  rodillas subiendo el peso hasta que las piernas queden rectas. Baja con
  control.","No uses impulso. Aprieta los cuadriceps arriba 1 segundo. Baja lento (3
  segundos).",3 series de 12-15 reps,video,Cuadriceps
Elevación de Talones con Barra,Semilla Gym,Rack + Barra,"Coloca la barra sobre los trapecios como en sentadilla. Sube los talones
  apretando las pantorrillas. Baja con control hasta estirar completamente.","Haz pausa de 2 segundos arriba. Puedes poner un disco bajo los pies para
  mayor rango.",4 series de 15-20 reps,video,Pantorrillas (Gemelos y Soleo)
Peso Muerto Rumano con Barra,Semilla Gym,Barra,"De pie con la barra frente a los muslos y agarre a la anchura de los
  hombros. Inclina el torso hacia adelante con rodillas ligeramente
  flexionadas. Baja la barra por las piernas hasta sentir estiramiento en
  isquiotibiales. Sube apretando gluteos.","Manten la barra pegada a las piernas. La espalda siempre recta. No
  redondees.",4 series de 8-10 reps,video,"Isquiotibiales, Gluteos, Espalda baja"
Zancada con Mancuernas,Semilla Gym,Mancuernas,"De pie con una mancuerna en cada mano. Da un paso al frente y baja la
  rodilla trasera casi al suelo. Empuja con la pierna delantera para volver a
  la posición inicial.","Manten el torso erguido. La rodilla delantera no debe pasar la punta del
  pie.",4 series de 10 reps por pierna,video,"Cuadriceps, Gluteos, Isquiotibiales"
Hip Thrust con Barra,Semilla Gym,Banco + Barra + Pad,"Sientate en el suelo con la espalda alta apoyada en un banco. Coloca la
  barra con pad sobre la cadera. Empuja la cadera hacia arriba apretando los
  gluteos. Baja con control.","Aprieta los gluteos arriba 2 segundos. La barbilla al pecho para no
  hiperextender.",4 series de 10-12 reps,video,"Gluteos, Isquiotibiales"
Sentadilla Goblet con Mancuerna,Semilla Gym,Mancuerna,"De pie sujeta una mancuerna vertical contra el pecho con ambas manos.
  Baja en sentadilla profunda manteniendo el torso erguido. Sube empujando con
  los talones.","Los codos deben pasar por dentro de las rodillas. Excelente para aprender
  la tecnica de sentadilla.",3 series de 10-12 reps,video,"Cuadriceps, Gluteos"
Elevación de Talones en Prensa,Semilla Gym,Maquina prensa de piernas,"Sientate en la prensa con solo las puntas de los pies en la plataforma.
  Empuja extendiendo los tobillos (puntillas) y regresa con control.",No bloquees las rodillas. Haz el rango completo estirando bien abajo.,4 series de 15-20 reps,video,Pantorrillas (Gemelos y Soleo)
Sentadilla Frontal con Barra,Semilla Gym,Rack + Barra,"Coloca la barra sobre los deltoides frontales con los codos altos. Baja
  en sentadilla profunda manteniendo el torso lo mas vertical posible. Sube
  empujando con fuerza.","Los codos siempre altos para que la barra no ruede. Trabaja mÃ¡s los
  cuadriceps que la sentadilla trasera.",4 series de 8-10 reps,video,"Cuadriceps, Core, Gluteos"
Step-Up con Mancuernas,Semilla Gym,Banco o cajon + Mancuernas,"Con una mancuerna en cada mano sube a un banco firme con una pierna.
  Empuja solo con la pierna de arriba para subir todo el cuerpo. Baja con
  control.",No te impulses con la pierna de abajo. Manten el torso erguido.,3 series de 10 reps por pierna,video,"Cuadriceps, Gluteos"
Curl Femoral Sentado en Maquina,Semilla Gym,Maquina curl femoral sentado,"Sientate en la maquina con las piernas extendidas sobre el cojin.
  Flexiona las rodillas llevando los talones hacia abajo y atras. Regresa con
  control.","Ajusta el respaldo para que las rodillas queden alineadas con el eje de
  la maquina.",3 series de 12-15 reps,video,Isquiotibiales
Aducción en Maquina,Semilla Gym,Maquina de aductores,"Sientate en la mÃ¡quina con las piernas abiertas sobre los cojines. Junta
  las piernas apretando los aductores. Regresa con control.",Aprieta 1 segundo al juntar las piernas. Usa peso moderado y control.,3 series de 12-15 reps,video,Aductores
Abducción en Maquina,Semilla Gym,Maquina de abductores,"Sientate en la maquina con las piernas juntas sobre los cojines. Abre las
  piernas empujando hacia afuera. Regresa con control.",Aprieta los gluteos al abrir. Excelente para gluteo medio.,3 series de 12-15 reps,video,"Gluteo medio, Abductores"
Press de Banca Inclinado con Barra,Pino Gym,Banco inclinado + Barra,"Acuestate en banco inclinado a 30-45°. Agarra la barra a la anchura de
  los hombros. Baja al pecho superior y empuja hasta extender los brazos.","Retrae las escapulas. El angulo de 30° es ideal para pecho superior sin
  cargar demasiado el hombro.",4 series de 6-8 reps,video,"Pecho superior, Triceps, Deltoides frontal"
Remo con Barra,Pino Gym,Barra,"De pie con las rodillas ligeramente flexionadas e inclinado a 45°. Agarra
  la barra con agarre prono. Tira hacia el abdomen bajo apretando la espalda.
  Baja con control.","Manten la espalda recta y el core apretado. No uses impulso con las
  piernas.",4 series de 6-8 reps,video,"Dorsales, Romboides, Trapecio, Biceps"
Press Militar con Barra,Pino Gym,Rack + Barra,"De pie con la barra a la altura de los hombros. Agarre a la anchura de
  los hombros. Empuja la barra sobre la cabeza extendiendo completamente. Baja
  con control al menton.",Aprieta gluteos y abdomen para estabilizar. No arquees la espalda baja.,4 series de 6-8 reps,video,"Deltoides, Triceps, Trapecio, Core"
Curl con Barra Recta,Pino Gym,Barra recta,"De pie sujeta la barra recta con agarre supino a la anchura de los
  hombros. Flexiona los codos subiendo la barra hacia los hombros. Baja con
  control.","Manten los codos fijos y el torso recto. No balancees. Usa peso que
  permita forma estricta.",4 series de 8-10 reps,video,"Biceps, Antebrazo"
Extensión de Triceps con Barra Z,Pino Gym,Banco plano + Barra Z,"Acuestate en el banco con la barra Z sobre la cabeza y brazos extendidos.
  Baja la barra hacia la frente flexionando los codos. Extiende para subir.","Manten los codos apuntando al techo. La barra Z reduce tensión en muñecas
  vs barra recta.",4 series de 8-10 reps,video,Triceps
Press Declinado con Mancuernas,Pino Gym,Banco declinado + Mancuernas,"Acuestate en banco declinado con los pies asegurados. Sube las mancuernas
  sobre el pecho y baja con los codos a 90°. Empuja hacia arriba.","El angulo declinado enfatiza el pecho inferior. No uses peso excesivo por
  la posición invertida.",4 series de 8-10 reps,video,"Pecho inferior, Triceps"
Dominadas con Peso,Pino Gym,Barra de dominadas + Cinturon con disco,"Cuelga de la barra con disco atado al cinturan. Tira del cuerpo hacia
  arriba hasta que la barbilla pase la barra. Baja con control.","Inicia el movimiento retrayendo las escapulas. Si no puedes con peso
  empieza con tu peso corporal.",4 series de 5-8 reps,video,"Dorsales, Biceps, Romboides, Core"
Elevaciones Laterales Inclinado,Pino Gym,Banco inclinado 45° + Mancuernas,"Acuestate de lado en un banco inclinado. Con la mancuerna en la mano
  libre sube el brazo lateralmente hasta la altura del hombro. Baja con
  control.","La inclinación elimina el impulso y aisla mejor el deltoides lateral. Usa
  peso ligero.",4 series de 10-12 reps,video,Deltoides lateral
Curl Concentrado con Mancuerna,Pino Gym,Banco + Mancuerna,"Sientate en el banco con las piernas abiertas. Apoya el codo contra la
  parte interna del muslo. Flexiona el codo subiendo la mancuerna y baja lento.","El apoyo en el muslo aisla completamente el biceps. Aprieta arriba 1
  segundo.",4 series de 10-12 reps por brazo,video,Biceps
Fondos con Peso en Paralelas,Pino Gym,Paralelas + Cinturon con disco,"Sujeta las paralelas con disco atado al cinturon. Baja doblando los codos
  hasta que los hombros queden por debajo de los codos. Empuja para subir.","Inclina el torso al frente para mas pecho. Vertical para mas tricceps.
  Controla la bajada.",4 series de 6-8 reps,video,"Pecho, Triceps, Deltoides frontal"
Aperturas con Mancuernas,Pino Gym,Banco plano + Mancuernas,"Acuestate en el banco con mancuernas sobre el pecho y brazos extendidos.
  Abre los brazos bajando las mancuernas con los codos ligeramente flexionados.
  Junta arriba.","No bajes demasiado para proteger los hombros. Siente el estiramiento en
  el pecho al abrir.",4 series de 10-12 reps,video,"Pectorales, Deltoides frontal"
Remo Pendlay con Barra,Pino Gym,Barra,"Inclinate con el torso paralelo al suelo. La barra en el piso. Tira
  explosivamente hacia el abdomen y baja con control hasta el suelo en cada
  rep.","Cada repetición empieza desde el suelo. Mas explosivo que el remo normal.
  Espalda siempre recta.",4 series de 6-8 reps,video,"Dorsales, Trapecio, Romboides, Biceps"
Face Pull en Polea,Pino Gym,Polea alta + Cuerda,"De pie frente a la polea alta con la cuerda a la altura de la cara. Tira
  hacia la cara abriendo los codos hacia afuera. Aprieta los omoplatos atras.","Excelente para salud del hombro y postura. Rota los puÃ±os hacia afuera
  al final del movimiento.",4 series de 12-15 reps,video,"Deltoides posterior, Trapecio, Romboides"
Curl Predicador con Barra Z,Pino Gym,Banco inclinado + Barra Z,"Apoya el pecho en un banco inclinado con los brazos colgando. Sujeta la
  barra Z y flexiona los codos subiendo la barra. Baja con control.","La posición elimina el impulso por completo. Maxima activación del
  biceps.",4 series de 8-10 reps,video,Biceps
Press de Triceps en Polea con Cuerda,Pino Gym,Polea alta + Cuerda,"De pie frente a la polea. Sujeta la cuerda y empuja hacia abajo separando
  los extremos al final del movimiento. Regresa con control.","Separa la cuerda al final para activar la cabeza lateral del triceps.
  Codos fijos al cuerpo.",4 series de 10-12 reps,video,Triceps
Sentadilla Profunda con Barra,Pino Gym,Rack + Barra,"Coloca la barra en los trapecios. Baja mas alla del paralelo con control
  manteniendo la espalda recta. Sube empujando con fuerza desde los talones.","Requiere buena movilidad de tobillo y cadera. Usa zapatos con tacon o
  disco bajo los talones si es necesario.",4 series de 6-8 reps,video,"Cuadriceps, Gluteos, Isquiotibiales"
Peso Muerto Convencional,Pino Gym,Barra + Discos,"De pie frente a la barra en el suelo. Agarra la barra y levantala
  extendiendo caderas y rodillas simultaneamente hasta estar de pie. Baja con
  control.","La barra siempre pegada al cuerpo. Espalda recta. Empuja el suelo con los
  pies.",4 series de 5-6 reps,video,"Isquiotibiales, Gluteos, Espalda baja, Cuadriceps"
Prensa de Piernas (pies altos),Pino Gym,Maquina prensa de piernas,"Sientate en la prensa con los pies en la parte alta de la plataforma.
  Baja la plataforma flexionando las rodillas y empuja para subir.","Pies altos enfatiza gluteos e isquiotibiales. No levantes la espalda baja
  del respaldo.",4 series de 8-10 reps,video,"Gluteos, Isquiotibiales, Cuadriceps"
Curl Femoral Acostado en Maquina,Pino Gym,Maquina curl femoral acostado,"Acuestate boca abajo con los tobillos bajo el cojin. Flexiona las
  rodillas con fuerza llevando los talones hacia los gluteos. Baja lento (3
  segundos).","Manten la cadera pegada al banco. La fase excentrica lenta (bajada) es
  clave para hipertrofia.",4 series de 8-10 reps,video,Isquiotibiales
Elevación de Talones Sentado con Disco,Pino Gym,Banco + Disco sobre rodillas,"Sientate en un banco con un disco sobre las rodillas. Sube los talones
  apretando los soleos. Baja completamente estirando. Pausa arriba 2 segundos.",El soleo se activa mas con rodilla flexionada. ,4 series de 15-20 reps,video,"Soleo, Pantorrillas"
Sentadilla Bulgara con Mancuernas,Pino Gym,Banco + Mancuernas,"Coloca el empeine trasero en un banco. Con una mancuerna en cada mano
  baja flexionando la rodilla delantera. Sube con fuerza.","Las mancuernas permiten rango natural. Manten el torso ligeramente
  inclinado para trabajo de guteo.",4 series de 8-10 reps por pierna,video,"Cuadriceps, Gluteos, Isquiotibiales"
Hip Thrust con Barra (pies elevados),Pino Gym,Banco + Barra + Pad + Step,"Espalda alta en banco y pies sobre un step/cajon. Barra con pad sobre la
  cadera. Empuja la cadera arriba apretando gluteos. Baja sin tocar el suelo.","La elevación de pies aumenta el rango y la activación del gluteo. Aprieta
  arriba 2 segundos.",4 series de 8-10 reps,video,"Gluteos, Isquiotibiales"
Zancada Caminando con Barra,Pino Gym,Barra,"Coloca la barra en los trapecios. Da pasos largos alternados hacia
  adelante bajando la rodilla trasera casi al suelo. Avanza sin detenerte.",Manten el core apretado para estabilidad. Pasos largos para mas gluteo,4 series de 10 pasos por pierna,video,"Cuadriceps, Gluteos, Isquiotibiales, Core"
Extensión de Cuadriceps Unilateral,Pino Gym,Maquina extensión de cuadriceps,"Sientate en la maquina y extiende una pierna a la vez. Sube hasta
  extensión completa y baja lento (3 segundos).","El trabajo unilateral corrige desbalances entre piernas. Aprieta el
  cuadriceps arriba.",4 series de 10-12 reps por pierna,video,Cuadriceps
Peso Muerto Sumo con Barra,Pino Gym,Barra + Discos,"De pie con los pies muy abiertos y las puntas hacia afuera. Agarra la
  barra con agarre estrecho entre las piernas. Levanta extendiendo caderas y
  rodillas.","Pecho arriba y espalda recta. El agarre sumo enfatiza mÃ¡s los aductores
  y cuadriceps.",4 series de 6-8 reps,video,"Cuadriceps, Aductores, Gluteos, Isquiotibiales"
Sentadilla Hack en Maquina,Pino Gym,Maquina hack squat,"Colocate en la maquina con la espalda contra el respaldo y los hombros
  bajo los cojines. Baja flexionando las rodillas y sube empujando con fuerza.","La maquina guia el movimiento y protege la espalda baja. Excelente para
  aislar cuadriceps.",4 series de 8-10 reps,video,"Cuadriceps, Gluteos"
Peso Muerto Rumano con Mancuernas,Pino Gym,Mancuernas,"De pie con una mancuerna en cada mano frente a los muslos. Inclina el
  torso con rodillas ligeramente flexionadas. Baja las mancuernas por las
  piernas. Sube apretando gluteos.","Las mancuernas permiten un rango de movimiento mas natural que la barra.
  Espalda siempre recta.",4 series de 8-10 reps,video,"Isquiotibiales, Gluteos"
Peso Muerto con Barra,Pino Gym,Barra,De pie frente a la barra en el suelo con los pies a la anchura de la cadera. Agarra la barra con agarre prono o mixto justo por fuera de las rodillas. Empuja el suelo con los pies extendiendo caderas y rodillas simultáneamente hasta estar completamente de pie. Baja con control invirtiendo el movimiento.,La barra siempre pegada al cuerpo durante todo el recorrido. Espalda recta y pecho arriba. Activa los dorsales antes de levantar como si quisieras doblar la barra hacia ti.,4 series de 5-6 reps,video,"Isquiotibiales, Glúteos, Espalda baja, Cuádriceps, Trapecio"
Curl Femoral Nordico Asistido,Pino Gym,Maquina GHR o compañero que sujete los pies,"Arrodillate con los pies asegurados. Baja el torso lentamente hacia el
  suelo (5 segundos) resistiendo la cai­da con los isquiotibiales. Usa las
  manos para empujarte al subir si es necesario.","Enfocate en la bajada lenta. Es el ejercicio mas efectivo para
  isquiotibiales. Progresa hasta hacerlo sin manos.",4 series de 4-6 reps,video,"Isquiotibiales, Gluteos"
Elevación de Talones de Pie en Maquina,Pino Gym,Maquina de elevación de talones,"De pie en la maquina con los hombros bajo los cojines y las puntas de los
  pies en la plataforma. Sube los talones apretando las pantorrillas. Baja
  estirando completamente.","Pausa de 2 segundos arriba y estiramiento completo abajo. Rango completo
  es clave para pantorrillas.",4 series de 12-15 reps,video,Pantorrillas (Gemelos y Soleo)